firstName,lastName,email,password,user_role
 John, Tan, johnTan@touchgrass.com, U1d90135a,Author
 Richard, Lim, RichardLyx@touchgrass.com, riLynx123,System Admin
 Dan, Low, DanLow123@touchgrass.com, dL123456,System Admin
 Jerry, Kuek, JerryKuek@touchgrass.com, jkSDSD,System Admin
 Tom, Lee, TomLee@touchgrass.com, Tommy123,Reviewer
 Jenny, Lee, JenniferLee@touchgrass.com, jenny225,System Admin
 Mingjun, Soh, sohMingjun@touchgrass.com, smj9977,Conference Chair
 David, Matthew, dMatthew@touchgrass.com, screwU123,Conference Chair
 Anderson, White, AndersonWhite@touchgrass.com, iamlost,Author
 Tricia, Soh, TriciaSoh@touchgrass.com, tsmj234,Author
 Anthony, Wong, AnthonyWong@touchgrass.com, anTony998,Reviewer
 Cynthia, Koh,CynthiaKoh2@touchgrass.com, s9902jjsm,Reviewer
 Shirley, Ma,ShirleyMa5@touchgrass.com, SMtcss75,Reviewer
 Jacqueline, Low,JacqLow@touchgrass.com, jlss2234,Author
 Karl, Marx,KarlMarx@touchgrass.com, karlmABC,Author
 Charlotte, Web,CharlotteWeb@touchgrass.com, ClWeb22,Author
 Emma, Seah,EmmaS123@touchgrass.com, Sembc0rp2,Author
 Elizabeth, Choy,ElizabethC@touchgrass.com, WW2ComesAgain,Conference Chair
 Gary, Yue,GaryYue@touchgrass.com, Death234,Conference Chair
 Ralph, Foo,RalphFoo@touchgrass.com, TianTian,Conference Chair
 Ralph, Tan,RalphTan@touchgrass.com, TanRude,Author
 Albert, Einstein,AlbertEinstein@touchgrass.com, steinstein,Author
 Marie, Curie,MarieCurie@touchgrass.com, nobel234,Reviewer
 Simo, Hayha,SimoHayha@touchgrass.com, WhiteDeath,System Admin
 Chris, Kyle,chrisKyle@touchgrass.com, sniperAWP2,Author
 wu, jing,wuJing@touchgrass.com, uWu1234,Author
 bobby, trap,bobbyTrap@touchgrass.com, trapUtoDeath,Author
 Elijah, Wong,ElijahWong@touchgrass.com, iLiedToU2,Author
 Xander, Wong,XanderWong@touchgrass.com, DistForLife,Reviewer
 Bruce, Wayne,BruceWayne@touchgrass.com, iamBatMan2,Conference Chair
 Joseph, Morgan,JosephMorgan@touchgrass.com, iamOriginal,Author
 Hugh, Jackman,hughJackman@touchgrass.com, wolverine2,Author
 Carolyna, White,CarolynaWhite@touchgrass.com, care4u,Reviewer
 Grigori, Perelman,GrigoriPerelman@touchgrass.com, fieldsMedal,Author
 Samantha, Wong,SamanthaWong@touchgrass.com, hihiIamSam2,Conference Chair
 YuanYuan, De,DeYuanYuan@touchgrass.com, yuanyuanDe,Author
 Andrea, Smith,AndreaSmith@touchgrass.com, iamAndrea,Author
 Ahbeng, Tan,TanAhBeng@touchgrass.com, uneducatedBeng,Reviewer
 Andy, Yeo,andy123@touchgrass.com, iamAndy,Conference Chair
 Ashley, Yeo,ashleyyeo@touchgrass.com, iamAshley,Conference Chair
 John, Doe,ultiLord@touchgrass.com, ultramanu2,Author
 Evelyn, Evelyn,evelynOw@touchgrass.com, owowISHere,Author
 Evelyn, Khoo,evelynKhoo@touchgrass.com, khooKh0o,Author
 Evon, black,evonBlack@touchgrass.com, bornABlackie,Author
 Genghis, Khan,genghisKhan@touchgrass.com, conqueror123,Author
 YuanZhang, Zhu,zhuYuanZhang@touchgrass.com, mingTaizu2,Conference Chair
 ShiMin, Li,tangtaiZong@touchgrass.com, lishimin2,System Admin
 Zheng, Ying,QinShiHuang@touchgrass.com, qinEmperor,Reviewer
 Tom, Riddle,tomRiddle@touchgrass.com, volderm0rt,Conference Chair
 Walter, White,walterWhite@touchgrass.com, warts123,Author
 Nikola, Tesla,nikolaTesla@touchgrass.com, acCurrent,Author
 Issac, Newton,issacNewton@touchgrass.com, grav1ty,Author
 Kathleen, Kiera,KathleenKiera@touchgrass.com, burd3n123,Author
 Russell, Lee,RussellLee@touchgrass.com, r3ss3ll,Reviewer
 Owen, Quek,BloodLust4life@touchgrass.com, killNKill,Conference Chair
 Valery, Lim,ValeryLim@touchgrass.com, sayNoToMe,Author
 Charles, Darwin,charlesDarwin@touchgrass.com, evolution!,Author
 Grigori, Rasputin,grigoriRasputin@touchgrass.com, raspberry,Reviewer
 Andrew, Chua,AndrewC2@touchgrass.com, iamAnd,Conference Chair
 Tommy, Chua,TommyC@touchgrass.com, tomNTom,Author
 Stephen, Low,stephenLow@touchgrass.com, step226,Reviewer
 Kok Leong, low,iNeedAbreak@touchgrass.com, iluvPhysics,Author
 Arissa, Ng,iAmveryTired2@touchgrass.com, iluvChemistry,Author
 Shu En, Ng,sayNoToSchool@touchgrass.com, screwSchool,Author
 beng keong, Ng,noMoreNames@touchgrass.com, outofjuice,Reviewer
 May, Phua,ScrewAssignment@touchgrass.com, encrypt3d,System Admin
 John, Matthew,iMustBeMad@touchgrass.com, dss234,System Admin
 Xander, Teo,RiseNGrind@touchgrass.com, keepGrinding,Author
 Zi Leng, teo,TeoZiLeng@touchgrass.com, gg.com.sg,Conference Chair
 Tze Shuen, Ng,TzeShuen@touchgrass.com, qwerasd,Conference Chair
 Mango, Lee,MangoLee@touchgrass.com, mangoes!,Author
 Jia ming, Ho,pandaboy@touchgrass.com, table222,Author
 Yue Qi, Ho,pandagirl@touchgrass.com, noMorePw,Conference Chair
 Fei, Yue,YueFei@touchgrass.com, HeroNo1,Reviewer
 Wilbur, Pan,WilburPan@touchgrass.com, iamWilbur,Reviewer
 Jay, Chou,JayChou@touchgrass.com, iamJay,Reviewer
 Zhong Qi, Yue,YueZhongQi@touchgrass.com, moreNames,Conference Chair
 Stephen, Hawking,StephenHawking@touchgrass.com, blackHoles,Author
 Thomas, Train,ThomasTheFriend@touchgrass.com, traintrain,Author
 Patricia, Mok,PatriciaMok@touchgrass.com, IamPat,Author
 WeiLun, Neo,IamWeilun@touchgrass.com, noobShit,Author
 Philip, Mountbatten,princePhilip@touchgrass.com, philip1,Author
 Geng Yao, Nian,gengYao@touchgrass.com, iamNian,Author
 Susan, Chia,susanChia@touchgrass.com, susanisMe,Conference Chair
 James, koh,JamesKoh@touchgrass.com, iamJames,Author
 Jamie, Chua,IamJamie@touchgrass.com, ilovecigg,Reviewer
 Donus, lim,HengOngHuat@touchgrass.com, iwanttoHuat,System Admin
 Lydia, Goh,tenMoretoGo@touchgrass.com, liowliow,Author
 Lydia, Lee,LydiaLee@touchgrass.com, lyns23,Author
 Linda, Soh,lindaSoh@touchgrass.com, lynlin,Author
 Kai Jun, Soh,iamneww@touchgrass.com, Ssd,Reviewer
 Melvin, Loh,melvinLoh@touchgrass.com, melmel2,Conference Chair
 Magnus, John,magnusJohn@touchgrass.com, magnum,Author
 Elijah, tse,deathhasCome@touchgrass.com, deathIsFair,Author
 Nicholas, Pek,nicholasPek@touchgrass.com, this1s,Author
 Shanice, white,iamDoss@touchgrass.com, ddosdd0s ,Conference Chair
 Kai, Lim,LimKai@touchgrass.com, passsw0rd,Conference Chair
 Gillian, chan,GillainChan@touchgrass.com, iamGil,Reviewer
 WeiJie, Lim,LimWeijie@touchgrass.com, loss000,Author
 JunWei, Lee,LeeJunWei@touchgrass.com, leeHack,Conference Chair
 Douglas, chua,FinallyDONE@touchgrass.com, byebyeeee,Author
